"id","row","name","x_mm","y_mm","z_mm","orthogonal_stock_fit","plan_dimension_under_25mm"
"classic-0","1","Кладка · интерполированная перевязка","250","125","65","false","false"
"classic-1","1","Кладка · интерполированная перевязка","250","125","65","false","false"
"classic-2","1","Кладка · интерполированная перевязка","250","125","65","false","false"
"classic-3","1","Кладка · интерполированная перевязка","250","125","65","false","false"
"classic-4","1","Кладка · интерполированная перевязка","200","125","65","false","false"
"classic-5","1","Кладка · интерполированная перевязка","250","125","65","false","false"
"classic-6","1","Кладка · интерполированная перевязка","250","125","65","false","false"
"classic-7","1","Кладка · интерполированная перевязка","250","125","65","false","false"
"classic-8","1","Кладка · интерполированная перевязка","250","125","65","false","false"
"classic-9","1","Кладка · интерполированная перевязка","200","125","65","false","false"
"classic-10","1","Кладка · интерполированная перевязка","250","125","65","false","false"
"classic-11","1","Кладка · интерполированная перевязка","250","125","65","false","false"
"classic-12","1","Кладка · интерполированная перевязка","250","125","65","false","false"
"classic-13","1","Кладка · интерполированная перевязка","250","125","65","false","false"
"classic-14","1","Кладка · интерполированная перевязка","200","125","65","false","false"
"classic-15","1","Кладка · интерполированная перевязка","250","125","65","false","false"
"classic-16","1","Кладка · интерполированная перевязка","250","125","65","false","false"
"classic-17","1","Кладка · интерполированная перевязка","250","125","65","false","false"
"classic-18","1","Кладка · интерполированная перевязка","250","125","65","false","false"
"classic-19","1","Кладка · интерполированная перевязка","200","125","65","false","false"
"classic-20","1","Кладка · интерполированная перевязка","250","125","65","false","false"
"classic-21","1","Кладка · интерполированная перевязка","250","125","65","false","false"
"classic-22","1","Кладка · интерполированная перевязка","250","125","65","false","false"
"classic-23","1","Кладка · интерполированная перевязка","250","125","65","false","false"
"classic-24","1","Кладка · интерполированная перевязка","200","125","65","false","false"
"classic-25","1","Кладка · интерполированная перевязка","250","125","65","false","false"
"classic-26","1","Кладка · интерполированная перевязка","250","125","65","false","false"
"classic-27","1","Кладка · интерполированная перевязка","250","125","65","false","false"
"classic-28","1","Кладка · интерполированная перевязка","250","125","65","false","false"
"classic-29","1","Кладка · интерполированная перевязка","200","125","65","false","false"
"classic-30","1","Кладка · интерполированная перевязка","250","125","65","false","false"
"classic-31","1","Кладка · интерполированная перевязка","250","125","65","false","false"
"classic-32","1","Кладка · интерполированная перевязка","250","125","65","false","false"
"classic-33","1","Кладка · интерполированная перевязка","250","125","65","false","false"
"classic-34","1","Кладка · интерполированная перевязка","200","125","65","false","false"
"classic-35","1","Кладка · интерполированная перевязка","250","125","65","false","false"
"classic-36","1","Кладка · интерполированная перевязка","250","125","65","false","false"
"classic-37","1","Кладка · интерполированная перевязка","250","125","65","false","false"
"classic-38","1","Кладка · интерполированная перевязка","250","125","65","false","false"
"classic-39","1","Кладка · интерполированная перевязка","200","125","65","false","false"
"classic-40","1","Кладка · интерполированная перевязка","250","125","65","false","false"
"classic-41","1","Кладка · интерполированная перевязка","250","125","65","false","false"
"classic-42","1","Кладка · интерполированная перевязка","250","125","65","false","false"
"classic-43","1","Кладка · интерполированная перевязка","250","125","65","false","false"
"classic-44","1","Кладка · интерполированная перевязка","200","125","65","false","false"
"classic-45","1","Кладка · интерполированная перевязка","250","125","65","false","false"
"classic-46","1","Кладка · интерполированная перевязка","250","125","65","false","false"
"classic-47","1","Кладка · интерполированная перевязка","250","125","65","false","false"
"classic-48","1","Кладка · интерполированная перевязка","250","125","65","false","false"
"classic-49","1","Кладка · интерполированная перевязка","200","125","65","false","false"
"classic-50","1","Кладка · интерполированная перевязка","250","125","65","false","false"
"classic-51","1","Кладка · интерполированная перевязка","250","125","65","false","false"
"classic-52","1","Кладка · интерполированная перевязка","250","125","65","false","false"
"classic-53","1","Кладка · интерполированная перевязка","250","125","65","false","false"
"classic-54","1","Кладка · интерполированная перевязка","200","125","65","false","false"
"classic-55","1","Кладка · интерполированная перевязка","250","125","65","false","false"
"classic-56","1","Кладка · интерполированная перевязка","250","125","65","false","false"
"classic-57","1","Кладка · интерполированная перевязка","250","125","65","false","false"
"classic-58","1","Кладка · интерполированная перевязка","250","125","65","false","false"
"classic-59","1","Кладка · интерполированная перевязка","200","125","65","false","false"
"classic-60","1","Кладка · интерполированная перевязка","250","125","65","false","false"
"classic-61","1","Кладка · интерполированная перевязка","250","125","65","false","false"
"classic-62","1","Кладка · интерполированная перевязка","250","125","65","false","false"
"classic-63","1","Кладка · интерполированная перевязка","250","125","65","false","false"
"classic-64","1","Кладка · интерполированная перевязка","200","125","65","false","false"
"classic-65","1","Кладка · интерполированная перевязка","250","125","65","false","false"
"classic-66","1","Кладка · интерполированная перевязка","250","125","65","false","false"
"classic-67","1","Кладка · интерполированная перевязка","250","125","65","false","false"
"classic-68","1","Кладка · интерполированная перевязка","250","125","65","false","false"
"classic-69","1","Кладка · интерполированная перевязка","200","125","65","false","false"
"classic-70","1","Кладка · интерполированная перевязка","250","125","65","false","false"
"classic-71","1","Кладка · интерполированная перевязка","250","125","65","false","false"
"classic-72","1","Кладка · интерполированная перевязка","250","125","65","false","false"
"classic-73","1","Кладка · интерполированная перевязка","250","125","65","false","false"
"classic-74","1","Кладка · интерполированная перевязка","200","125","65","false","false"
"classic-75","1","Кладка · интерполированная перевязка","250","125","65","false","false"
"classic-76","1","Кладка · интерполированная перевязка","250","125","65","false","false"
"classic-77","1","Кладка · интерполированная перевязка","250","125","65","false","false"
"classic-78","1","Кладка · интерполированная перевязка","250","125","65","false","false"
"classic-79","1","Кладка · интерполированная перевязка","200","125","65","false","false"
"classic-80","1","Кладка · интерполированная перевязка","250","125","65","false","false"
"classic-81","1","Кладка · интерполированная перевязка","250","125","65","false","false"
"classic-82","1","Кладка · интерполированная перевязка","250","125","65","false","false"
"classic-83","1","Кладка · интерполированная перевязка","250","125","65","false","false"
"classic-84","1","Кладка · интерполированная перевязка","250","125","65","false","false"
"classic-85","1","Кладка · интерполированная перевязка","250","125","65","false","false"
"classic-86","1","Кладка · интерполированная перевязка","250","125","65","false","false"
"classic-87","1","Кладка · интерполированная перевязка","250","125","65","false","false"
"classic-96","2","Кладка · интерполированная перевязка","125","150","65","false","false"
"classic-97","2","Кладка · интерполированная перевязка","125","150","65","false","false"
"classic-98","2","Кладка · интерполированная перевязка","125","150","65","false","false"
"classic-99","2","Кладка · интерполированная перевязка","125","150","65","false","false"
"classic-100","2","Кладка · интерполированная перевязка","125","150","65","false","false"
"classic-101","2","Кладка · интерполированная перевязка","125","150","65","false","false"
"classic-102","2","Кладка · интерполированная перевязка","125","150","65","false","false"
"classic-103","2","Кладка · интерполированная перевязка","125","150","65","false","false"
"classic-105","2","Кладка · интерполированная перевязка","125","250","65","false","false"
"classic-106","2","Кладка · интерполированная перевязка","125","250","65","false","false"
"classic-107","2","Кладка · интерполированная перевязка","125","250","65","false","false"
"classic-108","2","Кладка · интерполированная перевязка","125","250","65","false","false"
"classic-109","2","Кладка · интерполированная перевязка","125","250","65","false","false"
"classic-110","2","Кладка · интерполированная перевязка","125","250","65","false","false"
"classic-111","2","Кладка · интерполированная перевязка","125","250","65","false","false"
"classic-112","2","Кладка · интерполированная перевязка","125","250","65","false","false"
"classic-952","2","Кладка · интерполированная перевязка","125","250","65","false","false"
"classic-953","2","Кладка · интерполированная перевязка","125","250","65","false","false"
"classic-954","2","Кладка · интерполированная перевязка","125","250","65","false","false"
"classic-955","2","Кладка · интерполированная перевязка","125","250","65","false","false"
"classic-957","2","Кладка · интерполированная перевязка","125","250","65","false","false"
"classic-958","2","Кладка · интерполированная перевязка","125","250","65","false","false"
"classic-959","2","Кладка · интерполированная перевязка","125","250","65","false","false"
"classic-960","2","Кладка · интерполированная перевязка","125","250","65","false","false"
"classic-962","2","Кладка · интерполированная перевязка","125","150","65","false","false"
"classic-963","2","Кладка · интерполированная перевязка","125","150","65","false","false"
"classic-964","2","Кладка · интерполированная перевязка","125","150","65","false","false"
"classic-965","2","Кладка · интерполированная перевязка","125","150","65","false","false"
"classic-4101","2","Кладка · интерполированная перевязка","125","250","65","false","false"
"classic-4102","2","Кладка · интерполированная перевязка","125","250","65","false","false"
"classic-4103","2","Кладка · интерполированная перевязка","125","250","65","false","false"
"classic-4104","2","Кладка · интерполированная перевязка","125","250","65","false","false"
"classic-4105","2","Кладка · интерполированная перевязка","125","250","65","false","false"
"classic-4106","2","Кладка · интерполированная перевязка","125","250","65","false","false"
"classic-4107","2","Кладка · интерполированная перевязка","125","250","65","false","false"
"classic-4108","2","Кладка · интерполированная перевязка","125","250","65","false","false"
"classic-125","3","Кладка · интерполированная перевязка","250","125","65","false","false"
"classic-126","3","Кладка · интерполированная перевязка","250","125","65","false","false"
"classic-127","3","Кладка · интерполированная перевязка","250","125","65","false","false"
"classic-128","3","Кладка · интерполированная перевязка","250","125","65","false","false"
"classic-135","3","Кладка · интерполированная перевязка","250","125","65","false","false"
"classic-136","3","Кладка · интерполированная перевязка","250","125","65","false","false"
"classic-137","3","Кладка · интерполированная перевязка","250","125","65","false","false"
"classic-138","3","Кладка · интерполированная перевязка","250","125","65","false","false"
"classic-140","3","Кладка · интерполированная перевязка","250","125","65","false","false"
"classic-141","3","Кладка · интерполированная перевязка","250","125","65","false","false"
"classic-142","3","Кладка · интерполированная перевязка","250","125","65","false","false"
"classic-143","3","Кладка · интерполированная перевязка","250","125","65","false","false"
"classic-975","3","Кладка · интерполированная перевязка","250","125","65","false","false"
"classic-976","3","Кладка · интерполированная перевязка","250","125","65","false","false"
"classic-981","3","Кладка · интерполированная перевязка","160","125","65","false","false"
"classic-982","3","Кладка · интерполированная перевязка","160","125","65","false","false"
"classic-983","3","Кладка · интерполированная перевязка","160","125","65","false","false"
"classic-984","3","Кладка · интерполированная перевязка","160","5","65","true","true"
"classic-985","3","Кладка · интерполированная перевязка","200","125","65","false","false"
"classic-986","3","Кладка · интерполированная перевязка","200","125","65","false","false"
"classic-987","3","Кладка · интерполированная перевязка","200","125","65","false","false"
"classic-988","3","Кладка · интерполированная перевязка","200","5","65","true","true"
"classic-4113","3","Кладка · интерполированная перевязка","250","125","65","false","false"
"classic-4114","3","Кладка · интерполированная перевязка","250","125","65","false","false"
"classic-4115","3","Кладка · интерполированная перевязка","250","125","65","false","false"
"classic-4116","3","Кладка · интерполированная перевязка","250","125","65","false","false"
"classic-4117","3","Кладка · интерполированная перевязка","250","125","65","false","false"
"classic-4118","3","Кладка · интерполированная перевязка","250","125","65","false","false"
"classic-4119","3","Кладка · интерполированная перевязка","250","125","65","false","false"
"classic-4120","3","Кладка · интерполированная перевязка","250","125","65","false","false"
"classic-151","4","Кладка · интерполированная перевязка","125","150","65","false","false"
"classic-152","4","Кладка · интерполированная перевязка","125","150","65","false","false"
"classic-153","4","Кладка · интерполированная перевязка","125","150","65","false","false"
"classic-154","4","Кладка · интерполированная перевязка","125","150","65","false","false"
"classic-155","4","Кладка · интерполированная перевязка","125","150","65","false","false"
"classic-156","4","Кладка · интерполированная перевязка","125","150","65","false","false"
"classic-157","4","Кладка · интерполированная перевязка","125","150","65","false","false"
"classic-158","4","Кладка · интерполированная перевязка","125","150","65","false","false"
"classic-160","4","Кладка · интерполированная перевязка","125","250","65","false","false"
"classic-161","4","Кладка · интерполированная перевязка","125","250","65","false","false"
"classic-162","4","Кладка · интерполированная перевязка","125","250","65","false","false"
"classic-163","4","Кладка · интерполированная перевязка","125","250","65","false","false"
"classic-164","4","Кладка · интерполированная перевязка","125","250","65","false","false"
"classic-165","4","Кладка · интерполированная перевязка","125","250","65","false","false"
"classic-166","4","Кладка · интерполированная перевязка","125","250","65","false","false"
"classic-167","4","Кладка · интерполированная перевязка","125","250","65","false","false"
"classic-1195","4","Кладка · интерполированная перевязка","125","150","65","false","false"
"classic-1196","4","Кладка · интерполированная перевязка","125","150","65","false","false"
"classic-1197","4","Кладка · интерполированная перевязка","125","150","65","false","false"
"classic-1201","4","Кладка · интерполированная перевязка","125","250","65","false","false"
"classic-1203","4","Кладка · интерполированная перевязка","125","130","65","false","false"
"classic-180","5","Кладка · интерполированная перевязка","250","125","65","false","false"
"classic-181","5","Кладка · интерполированная перевязка","250","125","65","false","false"
"classic-182","5","Кладка · интерполированная перевязка","250","125","65","false","false"
"classic-183","5","Кладка · интерполированная перевязка","250","125","65","false","false"
"classic-190","5","Кладка · интерполированная перевязка","250","125","65","false","false"
"classic-191","5","Кладка · интерполированная перевязка","250","125","65","false","false"
"classic-192","5","Кладка · интерполированная перевязка","250","125","65","false","false"
"classic-193","5","Кладка · интерполированная перевязка","250","125","65","false","false"
"classic-195","5","Кладка · интерполированная перевязка","250","125","65","false","false"
"classic-196","5","Кладка · интерполированная перевязка","250","125","65","false","false"
"classic-197","5","Кладка · интерполированная перевязка","250","125","65","false","false"
"classic-198","5","Кладка · интерполированная перевязка","250","125","65","false","false"
"classic-1205","5","Кладка · интерполированная перевязка","10","120","65","true","true"
"classic-1207","5","Кладка · интерполированная перевязка","250","125","65","false","false"
"classic-1208","5","Кладка · интерполированная перевязка","180","125","65","false","false"
"classic-1214","5","Кладка · интерполированная перевязка","40","5","65","true","true"
"classic-1215","5","Кладка · интерполированная перевязка","200","125","65","false","false"
"classic-1216","5","Кладка · интерполированная перевязка","200","125","65","false","false"
"classic-1217","5","Кладка · интерполированная перевязка","200","125","65","false","false"
"classic-1218","5","Кладка · интерполированная перевязка","200","5","65","true","true"
"classic-4142","5","Кладка · интерполированная перевязка","120","5","65","true","true"
"classic-4146","5","Кладка · интерполированная перевязка","120","5","65","true","true"
"classic-1224","6","Кладка · интерполированная перевязка","125","250","65","false","false"
"classic-1225","6","Кладка · интерполированная перевязка","125","250","65","false","false"
"classic-1226","6","Кладка · интерполированная перевязка","125","250","65","false","false"
"classic-1228","6","Кладка · интерполированная перевязка","20","250","65","true","true"
"classic-1229","6","Кладка · интерполированная перевязка","20","30","65","true","true"
"classic-1230","6","Кладка · интерполированная перевязка","125","250","65","false","false"
"classic-1238","7","Кладка · интерполированная перевязка","10","120","65","true","true"
"classic-1240","7","Кладка · интерполированная перевязка","250","125","65","false","false"
"classic-1241","7","Кладка · интерполированная перевязка","180","125","65","false","false"
"classic-1242","7","Кладка · интерполированная перевязка","250","5","65","true","true"
"classic-1243","7","Кладка · интерполированная перевязка","180","5","65","true","true"
"classic-1244","7","Кладка · интерполированная перевязка","10","125","65","true","true"
"classic-1245","7","Кладка · интерполированная перевязка","10","25","65","true","true"
"classic-1246","7","Кладка · интерполированная перевязка","10","50","65","true","true"
"classic-1247","7","Кладка · интерполированная перевязка","170","125","65","false","false"
"classic-1248","7","Кладка · интерполированная перевязка","170","125","65","false","false"
"classic-1249","7","Кладка · интерполированная перевязка","170","125","65","false","false"
"classic-1251","7","Кладка · интерполированная перевязка","250","125","65","false","false"
"classic-1252","7","Кладка · интерполированная перевязка","250","125","65","false","false"
"classic-1253","7","Кладка · интерполированная перевязка","250","125","65","false","false"
"classic-1254","7","Кладка · интерполированная перевязка","20","125","65","true","true"
"classic-1255","7","Кладка · интерполированная перевязка","250","125","65","false","false"
"classic-1256","7","Кладка · интерполированная перевязка","250","125","65","false","false"
"classic-1257","7","Кладка · интерполированная перевязка","250","125","65","false","false"
"classic-1258","7","Кладка · интерполированная перевязка","20","125","65","true","true"
"classic-1259","7","Кладка · интерполированная перевязка","250","20","65","true","true"
"classic-1260","7","Кладка · интерполированная перевязка","250","20","65","true","true"
"classic-1261","7","Кладка · интерполированная перевязка","250","20","65","true","true"
"classic-1262","7","Кладка · интерполированная перевязка","20","20","65","true","true"
"classic-1263","7","Кладка · интерполированная перевязка","250","125","65","false","false"
"classic-1264","7","Кладка · интерполированная перевязка","250","125","65","false","false"
"classic-1265","7","Кладка · интерполированная перевязка","250","125","65","false","false"
"classic-1266","7","Кладка · интерполированная перевязка","20","125","65","true","true"
"classic-1270","7","Кладка · интерполированная перевязка","20","55","65","true","true"
"classic-4166","7","Кладка · интерполированная перевязка","120","5","65","true","true"
"classic-1271","8","Кладка · интерполированная перевязка","10","120","65","true","true"
"classic-1274","8","Кладка · интерполированная перевязка","125","130","65","false","false"
"classic-1275","8","Кладка · интерполированная перевязка","125","130","65","false","false"
"classic-1276","8","Кладка · интерполированная перевязка","125","130","65","false","false"
"classic-1278","8","Кладка · интерполированная перевязка","10","150","65","true","true"
"classic-1279","8","Кладка · интерполированная перевязка","10","50","65","true","true"
"classic-1280","8","Кладка · интерполированная перевязка","125","250","65","false","false"
"classic-1282","8","Кладка · интерполированная перевязка","125","150","65","false","false"
"classic-1284","8","Кладка · интерполированная перевязка","125","250","65","false","false"
"classic-1285","8","Кладка · интерполированная перевязка","125","250","65","false","false"
"classic-1286","8","Кладка · интерполированная перевязка","125","250","65","false","false"
"classic-1287","8","Кладка · интерполированная перевязка","125","250","65","false","false"
"classic-1288","8","Кладка · интерполированная перевязка","125","250","65","false","false"
"classic-1289","8","Кладка · интерполированная перевязка","125","250","65","false","false"
"classic-1290","8","Кладка · интерполированная перевязка","20","250","65","true","true"
"classic-1291","8","Кладка · интерполированная перевязка","125","20","65","true","true"
"classic-1292","8","Кладка · интерполированная перевязка","125","20","65","true","true"
"classic-1293","8","Кладка · интерполированная перевязка","125","20","65","true","true"
"classic-1294","8","Кладка · интерполированная перевязка","125","20","65","true","true"
"classic-1295","8","Кладка · интерполированная перевязка","125","20","65","true","true"
"classic-1296","8","Кладка · интерполированная перевязка","125","20","65","true","true"
"classic-1297","8","Кладка · интерполированная перевязка","20","20","65","true","true"
"classic-1298","8","Кладка · интерполированная перевязка","125","180","65","false","false"
"classic-1299","8","Кладка · интерполированная перевязка","125","180","65","false","false"
"classic-1300","8","Кладка · интерполированная перевязка","125","180","65","false","false"
"classic-1301","8","Кладка · интерполированная перевязка","125","180","65","false","false"
"classic-1302","8","Кладка · интерполированная перевязка","125","180","65","false","false"
"classic-1303","8","Кладка · интерполированная перевязка","125","180","65","false","false"
"classic-1304","8","Кладка · интерполированная перевязка","20","180","65","true","true"
"classic-1305","9","Кладка · интерполированная перевязка","10","120","65","true","true"
"classic-1307","9","Кладка · интерполированная перевязка","250","125","65","false","false"
"classic-1308","9","Кладка · интерполированная перевязка","180","125","65","false","false"
"classic-1309","9","Кладка · интерполированная перевязка","250","5","65","true","true"
"classic-1310","9","Кладка · интерполированная перевязка","180","5","65","true","true"
"classic-1311","9","Кладка · интерполированная перевязка","10","125","65","true","true"
"classic-1312","9","Кладка · интерполированная перевязка","10","25","65","true","true"
"classic-1313","9","Кладка · интерполированная перевязка","10","50","65","true","true"
"classic-1314","9","Кладка · интерполированная перевязка","170","125","65","false","false"
"classic-1315","9","Кладка · интерполированная перевязка","170","125","65","false","false"
"classic-1316","9","Кладка · интерполированная перевязка","170","125","65","false","false"
"classic-1318","9","Кладка · интерполированная перевязка","250","125","65","false","false"
"classic-1319","9","Кладка · интерполированная перевязка","250","125","65","false","false"
"classic-1320","9","Кладка · интерполированная перевязка","250","125","65","false","false"
"classic-1321","9","Кладка · интерполированная перевязка","20","125","65","true","true"
"classic-1322","9","Кладка · интерполированная перевязка","250","125","65","false","false"
"classic-1323","9","Кладка · интерполированная перевязка","250","125","65","false","false"
"classic-1324","9","Кладка · интерполированная перевязка","250","125","65","false","false"
"classic-1325","9","Кладка · интерполированная перевязка","20","125","65","true","true"
"classic-1326","9","Кладка · интерполированная перевязка","250","20","65","true","true"
"classic-1327","9","Кладка · интерполированная перевязка","250","20","65","true","true"
"classic-1328","9","Кладка · интерполированная перевязка","250","20","65","true","true"
"classic-1329","9","Кладка · интерполированная перевязка","20","20","65","true","true"
"classic-1330","9","Кладка · интерполированная перевязка","250","125","65","false","false"
"classic-1331","9","Кладка · интерполированная перевязка","250","125","65","false","false"
"classic-1332","9","Кладка · интерполированная перевязка","250","125","65","false","false"
"classic-1333","9","Кладка · интерполированная перевязка","20","125","65","true","true"
"classic-1337","9","Кладка · интерполированная перевязка","20","55","65","true","true"
"classic-4187","9","Кладка · интерполированная перевязка","120","5","65","true","true"
"classic-1341","10","Перекрытие газохода плиты","125","250","65","false","false"
"classic-1342","10","Перекрытие газохода плиты","125","250","65","false","false"
"classic-1343","10","Перекрытие газохода плиты","125","250","65","false","false"
"classic-1344","10","Перекрытие газохода плиты","125","250","65","false","false"
"classic-1345","10","Перекрытие газохода плиты","125","250","65","false","false"
"classic-1346","10","Перекрытие газохода плиты","125","250","65","false","false"
"classic-1355","10","Кладка · интерполированная перевязка","125","125","65","false","false"
"classic-1356","10","Кладка · интерполированная перевязка","125","125","65","false","false"
"classic-1358","10","Кладка · интерполированная перевязка","125","125","65","false","false"
"classic-1360","10","Кладка · интерполированная перевязка","125","130","65","false","false"
"classic-1361","10","Кладка · интерполированная перевязка","125","130","65","false","false"
"classic-1362","10","Кладка · интерполированная перевязка","125","130","65","false","false"
"classic-1363","10","Кладка · интерполированная перевязка","125","130","65","false","false"
"classic-1364","10","Кладка · интерполированная перевязка","125","130","65","false","false"
"classic-1365","10","Кладка · интерполированная перевязка","125","130","65","false","false"
"classic-1366","10","Кладка · интерполированная перевязка","125","130","65","false","false"
"classic-1367","10","Кладка · интерполированная перевязка","125","130","65","false","false"
"classic-1368","10","Кладка · интерполированная перевязка","125","130","65","false","false"
"classic-1375","10","Кладка · интерполированная перевязка","125","250","65","false","false"
"classic-1377","11","Кладка · интерполированная перевязка","250","125","65","false","false"
"classic-1378","11","Кладка · интерполированная перевязка","250","125","65","false","false"
"classic-1379","11","Кладка · интерполированная перевязка","250","125","65","false","false"
"classic-1380","11","Кладка · интерполированная перевязка","250","125","65","false","false"
"classic-1381","11","Кладка · интерполированная перевязка","200","125","65","false","false"
"classic-1382","11","Кладка · интерполированная перевязка","250","125","65","false","false"
"classic-1383","11","Кладка · интерполированная перевязка","250","125","65","false","false"
"classic-1384","11","Кладка · интерполированная перевязка","250","125","65","false","false"
"classic-1385","11","Кладка · интерполированная перевязка","250","125","65","false","false"
"classic-1386","11","Кладка · интерполированная перевязка","200","125","65","false","false"
"classic-1387","11","Кладка · интерполированная перевязка","250","125","65","false","false"
"classic-1388","11","Кладка · интерполированная перевязка","250","125","65","false","false"
"classic-1389","11","Кладка · интерполированная перевязка","250","125","65","false","false"
"classic-1390","11","Кладка · интерполированная перевязка","250","125","65","false","false"
"classic-1391","11","Кладка · интерполированная перевязка","200","125","65","false","false"
"classic-1392","11","Кладка · интерполированная перевязка","250","125","65","false","false"
"classic-1393","11","Кладка · интерполированная перевязка","250","125","65","false","false"
"classic-1394","11","Кладка · интерполированная перевязка","250","125","65","false","false"
"classic-1395","11","Кладка · интерполированная перевязка","250","125","65","false","false"
"classic-1396","11","Кладка · интерполированная перевязка","200","125","65","false","false"
"classic-1397","11","Кладка · интерполированная перевязка","250","125","65","false","false"
"classic-1398","11","Кладка · интерполированная перевязка","250","125","65","false","false"
"classic-1399","11","Кладка · интерполированная перевязка","250","125","65","false","false"
"classic-1400","11","Кладка · интерполированная перевязка","250","125","65","false","false"
"classic-1401","11","Кладка · интерполированная перевязка","200","125","65","false","false"
"classic-1402","11","Кладка · интерполированная перевязка","250","125","65","false","false"
"classic-1403","11","Кладка · интерполированная перевязка","250","125","65","false","false"
"classic-1404","11","Кладка · интерполированная перевязка","250","125","65","false","false"
"classic-1405","11","Кладка · интерполированная перевязка","250","125","65","false","false"
"classic-1406","11","Кладка · интерполированная перевязка","200","125","65","false","false"
"classic-1407","11","Кладка · интерполированная перевязка","250","125","65","false","false"
"classic-1408","11","Кладка · интерполированная перевязка","250","125","65","false","false"
"classic-1409","11","Кладка · интерполированная перевязка","250","125","65","false","false"
"classic-1410","11","Кладка · интерполированная перевязка","250","125","65","false","false"
"classic-1411","11","Кладка · интерполированная перевязка","200","125","65","false","false"
"classic-1412","11","Кладка · интерполированная перевязка","250","125","65","false","false"
"classic-1413","11","Кладка · интерполированная перевязка","250","125","65","false","false"
"classic-1414","11","Кладка · интерполированная перевязка","250","125","65","false","false"
"classic-1415","11","Кладка · интерполированная перевязка","250","125","65","false","false"
"classic-1416","11","Кладка · интерполированная перевязка","200","125","65","false","false"
"classic-1417","11","Кладка · интерполированная перевязка","250","125","65","false","false"
"classic-1418","11","Кладка · интерполированная перевязка","250","125","65","false","false"
"classic-1419","11","Кладка · интерполированная перевязка","250","125","65","false","false"
"classic-1420","11","Кладка · интерполированная перевязка","250","125","65","false","false"
"classic-1421","11","Кладка · интерполированная перевязка","200","125","65","false","false"
"classic-1422","11","Кладка · интерполированная перевязка","250","125","65","false","false"
"classic-1423","11","Кладка · интерполированная перевязка","250","125","65","false","false"
"classic-1424","11","Кладка · интерполированная перевязка","250","125","65","false","false"
"classic-1425","11","Кладка · интерполированная перевязка","250","125","65","false","false"
"classic-1426","11","Кладка · интерполированная перевязка","200","125","65","false","false"
"classic-1427","11","Кладка · интерполированная перевязка","250","125","65","false","false"
"classic-1428","11","Кладка · интерполированная перевязка","250","125","65","false","false"
"classic-1429","11","Кладка · интерполированная перевязка","250","125","65","false","false"
"classic-1430","11","Кладка · интерполированная перевязка","250","125","65","false","false"
"classic-1431","11","Кладка · интерполированная перевязка","200","125","65","false","false"
"classic-4209","11","Кладка · интерполированная перевязка","120","5","65","true","true"
"classic-1457","12","Кладка · интерполированная перевязка","125","130","65","false","false"
"classic-1458","12","Кладка · интерполированная перевязка","125","130","65","false","false"
"classic-1459","12","Кладка · интерполированная перевязка","125","130","65","false","false"
"classic-1460","12","Кладка · интерполированная перевязка","15","130","65","true","true"
"classic-1461","12","Кладка · интерполированная перевязка","125","130","65","false","false"
"classic-1462","12","Кладка · интерполированная перевязка","125","130","65","false","false"
"classic-1463","12","Кладка · интерполированная перевязка","125","130","65","false","false"
"classic-1464","12","Кладка · интерполированная перевязка","15","130","65","true","true"
"classic-1491","13","Кладка · интерполированная перевязка","250","125","65","false","false"
"classic-1492","13","Кладка · интерполированная перевязка","140","125","65","false","false"
"classic-1493","13","Кладка · интерполированная перевязка","250","5","65","true","true"
"classic-1494","13","Кладка · интерполированная перевязка","140","5","65","true","true"
"classic-1495","13","Кладка · интерполированная перевязка","250","125","65","false","false"
"classic-1496","13","Кладка · интерполированная перевязка","140","125","65","false","false"
"classic-1497","13","Кладка · интерполированная перевязка","250","5","65","true","true"
"classic-1498","13","Кладка · интерполированная перевязка","140","5","65","true","true"
"classic-4233","13","Кладка · интерполированная перевязка","120","5","65","true","true"
"classic-4237","13","Кладка · интерполированная перевязка","120","5","65","true","true"
"classic-1519","14","Кладка · интерполированная перевязка","125","130","65","false","false"
"classic-1520","14","Кладка · интерполированная перевязка","125","130","65","false","false"
"classic-1521","14","Кладка · интерполированная перевязка","125","130","65","false","false"
"classic-1522","14","Кладка · интерполированная перевязка","15","130","65","true","true"
"classic-1523","14","Кладка · интерполированная перевязка","125","130","65","false","false"
"classic-1524","14","Кладка · интерполированная перевязка","125","130","65","false","false"
"classic-1525","14","Кладка · интерполированная перевязка","125","130","65","false","false"
"classic-1526","14","Кладка · интерполированная перевязка","15","130","65","true","true"
"classic-1553","15","Кладка · интерполированная перевязка","250","125","65","false","false"
"classic-1554","15","Кладка · интерполированная перевязка","140","125","65","false","false"
"classic-1555","15","Кладка · интерполированная перевязка","250","5","65","true","true"
"classic-1556","15","Кладка · интерполированная перевязка","140","5","65","true","true"
"classic-1557","15","Кладка · интерполированная перевязка","250","125","65","false","false"
"classic-1558","15","Кладка · интерполированная перевязка","140","125","65","false","false"
"classic-1559","15","Кладка · интерполированная перевязка","250","5","65","true","true"
"classic-1560","15","Кладка · интерполированная перевязка","140","5","65","true","true"
"classic-4257","15","Кладка · интерполированная перевязка","120","5","65","true","true"
"classic-4261","15","Кладка · интерполированная перевязка","120","5","65","true","true"
"classic-4281","17","Кладка · интерполированная перевязка","120","5","65","true","true"
"classic-4285","17","Кладка · интерполированная перевязка","120","5","65","true","true"
"classic-3142","19","Кладка · интерполированная перевязка","10","50","65","true","true"
"classic-4305","19","Кладка · интерполированная перевязка","120","5","65","true","true"
"classic-4309","19","Кладка · интерполированная перевязка","120","5","65","true","true"
"classic-4329","21","Кладка · интерполированная перевязка","120","5","65","true","true"
"classic-4333","21","Кладка · интерполированная перевязка","120","5","65","true","true"
"classic-3239","23","Кладка · интерполированная перевязка","250","125","65","false","false"
"classic-3240","23","Кладка · интерполированная перевязка","250","125","65","false","false"
"classic-3241","23","Кладка · интерполированная перевязка","250","125","65","false","false"
"classic-3242","23","Кладка · интерполированная перевязка","250","125","65","false","false"
"classic-3243","23","Кладка · интерполированная перевязка","200","125","65","false","false"
"classic-3244","23","Кладка · интерполированная перевязка","250","125","65","false","false"
"classic-3245","23","Кладка · интерполированная перевязка","250","125","65","false","false"
"classic-3246","23","Кладка · интерполированная перевязка","250","125","65","false","false"
"classic-3247","23","Кладка · интерполированная перевязка","250","125","65","false","false"
"classic-3248","23","Кладка · интерполированная перевязка","200","125","65","false","false"
"classic-3249","23","Кладка · интерполированная перевязка","250","125","65","false","false"
"classic-3250","23","Кладка · интерполированная перевязка","250","125","65","false","false"
"classic-3251","23","Кладка · интерполированная перевязка","250","125","65","false","false"
"classic-3252","23","Кладка · интерполированная перевязка","250","125","65","false","false"
"classic-3253","23","Кладка · интерполированная перевязка","200","125","65","false","false"
"classic-3254","23","Кладка · интерполированная перевязка","250","125","65","false","false"
"classic-3255","23","Кладка · интерполированная перевязка","250","125","65","false","false"
"classic-3256","23","Кладка · интерполированная перевязка","250","125","65","false","false"
"classic-3257","23","Кладка · интерполированная перевязка","250","125","65","false","false"
"classic-3258","23","Кладка · интерполированная перевязка","200","125","65","false","false"
"classic-3259","23","Кладка · интерполированная перевязка","250","125","65","false","false"
"classic-3260","23","Кладка · интерполированная перевязка","250","125","65","false","false"
"classic-3261","23","Кладка · интерполированная перевязка","250","125","65","false","false"
"classic-3262","23","Кладка · интерполированная перевязка","250","125","65","false","false"
"classic-3263","23","Кладка · интерполированная перевязка","200","125","65","false","false"
"classic-3264","23","Кладка · интерполированная перевязка","250","125","65","false","false"
"classic-3265","23","Кладка · интерполированная перевязка","250","125","65","false","false"
"classic-3266","23","Кладка · интерполированная перевязка","250","125","65","false","false"
"classic-3267","23","Кладка · интерполированная перевязка","250","125","65","false","false"
"classic-3268","23","Кладка · интерполированная перевязка","200","125","65","false","false"
"classic-3269","23","Кладка · интерполированная перевязка","250","125","65","false","false"
"classic-3270","23","Кладка · интерполированная перевязка","250","125","65","false","false"
"classic-3271","23","Кладка · интерполированная перевязка","250","125","65","false","false"
"classic-3272","23","Кладка · интерполированная перевязка","250","125","65","false","false"
"classic-3273","23","Кладка · интерполированная перевязка","200","125","65","false","false"
"classic-3274","23","Кладка · интерполированная перевязка","250","125","65","false","false"
"classic-3275","23","Кладка · интерполированная перевязка","250","125","65","false","false"
"classic-3276","23","Кладка · интерполированная перевязка","250","125","65","false","false"
"classic-3277","23","Кладка · интерполированная перевязка","250","125","65","false","false"
"classic-3278","23","Кладка · интерполированная перевязка","200","125","65","false","false"
"classic-3279","23","Кладка · интерполированная перевязка","250","125","65","false","false"
"classic-3280","23","Кладка · интерполированная перевязка","250","125","65","false","false"
"classic-3281","23","Кладка · интерполированная перевязка","250","125","65","false","false"
"classic-3282","23","Кладка · интерполированная перевязка","250","125","65","false","false"
"classic-3283","23","Кладка · интерполированная перевязка","200","125","65","false","false"
"classic-3284","23","Кладка · интерполированная перевязка","250","125","65","false","false"
"classic-3285","23","Кладка · интерполированная перевязка","250","125","65","false","false"
"classic-3286","23","Кладка · интерполированная перевязка","250","125","65","false","false"
"classic-3287","23","Кладка · интерполированная перевязка","250","125","65","false","false"
"classic-3288","23","Кладка · интерполированная перевязка","200","125","65","false","false"
"classic-3289","23","Кладка · интерполированная перевязка","250","125","65","false","false"
"classic-3290","23","Кладка · интерполированная перевязка","250","125","65","false","false"
"classic-3291","23","Кладка · интерполированная перевязка","250","125","65","false","false"
"classic-3292","23","Кладка · интерполированная перевязка","250","125","65","false","false"
"classic-3293","23","Кладка · интерполированная перевязка","200","125","65","false","false"
"classic-4353","23","Кладка · интерполированная перевязка","120","5","65","true","true"
"classic-4357","23","Кладка · интерполированная перевязка","120","5","65","true","true"
"classic-3299","24","Кладка · интерполированная перевязка","125","250","65","false","false"
"classic-3300","24","Кладка · интерполированная перевязка","125","250","65","false","false"
"classic-3301","24","Кладка · интерполированная перевязка","125","250","65","false","false"
"classic-3302","24","Кладка · интерполированная перевязка","125","250","65","false","false"
"classic-3303","24","Кладка · интерполированная перевязка","125","250","65","false","false"
"classic-3304","24","Кладка · интерполированная перевязка","125","250","65","false","false"
"classic-3305","24","Кладка · интерполированная перевязка","125","250","65","false","false"
"classic-3306","24","Кладка · интерполированная перевязка","125","250","65","false","false"
"classic-3307","24","Кладка · интерполированная перевязка","125","250","65","false","false"
"classic-3309","24","Кладка · интерполированная перевязка","125","250","65","false","false"
"classic-3310","24","Кладка · интерполированная перевязка","125","250","65","false","false"
"classic-3311","24","Кладка · интерполированная перевязка","125","250","65","false","false"
"classic-3312","24","Кладка · интерполированная перевязка","125","250","65","false","false"
"classic-3313","24","Кладка · интерполированная перевязка","125","250","65","false","false"
"classic-3314","24","Кладка · интерполированная перевязка","125","250","65","false","false"
"classic-3315","24","Кладка · интерполированная перевязка","125","250","65","false","false"
"classic-3316","24","Кладка · интерполированная перевязка","125","250","65","false","false"
"classic-3317","24","Кладка · интерполированная перевязка","125","250","65","false","false"
"classic-3319","24","Кладка · интерполированная перевязка","125","250","65","false","false"
"classic-3320","24","Кладка · интерполированная перевязка","125","250","65","false","false"
"classic-3321","24","Кладка · интерполированная перевязка","125","250","65","false","false"
"classic-3322","24","Кладка · интерполированная перевязка","125","250","65","false","false"
"classic-3323","24","Кладка · интерполированная перевязка","125","250","65","false","false"
"classic-3324","24","Кладка · интерполированная перевязка","125","250","65","false","false"
"classic-3325","24","Кладка · интерполированная перевязка","125","250","65","false","false"
"classic-3326","24","Кладка · интерполированная перевязка","125","250","65","false","false"
"classic-3327","24","Кладка · интерполированная перевязка","125","250","65","false","false"
"classic-3329","24","Кладка · интерполированная перевязка","125","250","65","false","false"
"classic-3330","24","Кладка · интерполированная перевязка","125","250","65","false","false"
"classic-3331","24","Кладка · интерполированная перевязка","125","250","65","false","false"
"classic-3332","24","Кладка · интерполированная перевязка","125","250","65","false","false"
"classic-3333","24","Кладка · интерполированная перевязка","125","250","65","false","false"
"classic-3334","24","Кладка · интерполированная перевязка","125","250","65","false","false"
"classic-3335","24","Кладка · интерполированная перевязка","125","250","65","false","false"
"classic-3336","24","Кладка · интерполированная перевязка","125","250","65","false","false"
"classic-3337","24","Кладка · интерполированная перевязка","125","250","65","false","false"
"classic-3339","24","Кладка · интерполированная перевязка","125","250","65","false","false"
"classic-3340","24","Кладка · интерполированная перевязка","125","250","65","false","false"
"classic-3341","24","Кладка · интерполированная перевязка","125","250","65","false","false"
"classic-3342","24","Кладка · интерполированная перевязка","125","250","65","false","false"
"classic-3343","24","Кладка · интерполированная перевязка","125","250","65","false","false"
"classic-3344","24","Кладка · интерполированная перевязка","125","250","65","false","false"
"classic-3345","24","Кладка · интерполированная перевязка","125","250","65","false","false"
"classic-3346","24","Кладка · интерполированная перевязка","125","250","65","false","false"
"classic-3347","24","Кладка · интерполированная перевязка","125","250","65","false","false"
"classic-3349","24","Кладка · интерполированная перевязка","125","230","65","false","false"
"classic-3350","24","Кладка · интерполированная перевязка","125","230","65","false","false"
"classic-3351","24","Кладка · интерполированная перевязка","125","230","65","false","false"
"classic-3352","24","Кладка · интерполированная перевязка","125","230","65","false","false"
"classic-3353","24","Кладка · интерполированная перевязка","125","230","65","false","false"
"classic-3354","24","Кладка · интерполированная перевязка","125","230","65","false","false"
"classic-3355","24","Кладка · интерполированная перевязка","125","230","65","false","false"
"classic-3356","24","Кладка · интерполированная перевязка","125","230","65","false","false"
"classic-3357","24","Кладка · интерполированная перевязка","125","230","65","false","false"
"classic-3359","25","Кладка · интерполированная перевязка","250","125","65","false","false"
"classic-3360","25","Кладка · интерполированная перевязка","250","125","65","false","false"
"classic-3361","25","Кладка · интерполированная перевязка","250","125","65","false","false"
"classic-3362","25","Кладка · интерполированная перевязка","250","125","65","false","false"
"classic-3363","25","Кладка · интерполированная перевязка","200","125","65","false","false"
"classic-3364","25","Кладка · интерполированная перевязка","250","125","65","false","false"
"classic-3365","25","Кладка · интерполированная перевязка","250","125","65","false","false"
"classic-3366","25","Кладка · интерполированная перевязка","250","125","65","false","false"
"classic-3367","25","Кладка · интерполированная перевязка","250","125","65","false","false"
"classic-3368","25","Кладка · интерполированная перевязка","200","125","65","false","false"
"classic-3369","25","Кладка · интерполированная перевязка","250","125","65","false","false"
"classic-3370","25","Кладка · интерполированная перевязка","250","125","65","false","false"
"classic-3371","25","Кладка · интерполированная перевязка","250","125","65","false","false"
"classic-3372","25","Кладка · интерполированная перевязка","250","125","65","false","false"
"classic-3373","25","Кладка · интерполированная перевязка","200","125","65","false","false"
"classic-3374","25","Кладка · интерполированная перевязка","250","125","65","false","false"
"classic-3375","25","Кладка · интерполированная перевязка","250","125","65","false","false"
"classic-3376","25","Кладка · интерполированная перевязка","250","125","65","false","false"
"classic-3377","25","Кладка · интерполированная перевязка","250","125","65","false","false"
"classic-3378","25","Кладка · интерполированная перевязка","200","125","65","false","false"
"classic-3379","25","Кладка · интерполированная перевязка","250","125","65","false","false"
"classic-3380","25","Кладка · интерполированная перевязка","250","125","65","false","false"
"classic-3381","25","Кладка · интерполированная перевязка","250","125","65","false","false"
"classic-3382","25","Кладка · интерполированная перевязка","250","125","65","false","false"
"classic-3383","25","Кладка · интерполированная перевязка","200","125","65","false","false"
"classic-3384","25","Кладка · интерполированная перевязка","250","125","65","false","false"
"classic-3385","25","Кладка · интерполированная перевязка","250","125","65","false","false"
"classic-3386","25","Кладка · интерполированная перевязка","250","125","65","false","false"
"classic-3387","25","Кладка · интерполированная перевязка","250","125","65","false","false"
"classic-3388","25","Кладка · интерполированная перевязка","200","125","65","false","false"
"classic-3389","25","Кладка · интерполированная перевязка","250","125","65","false","false"
"classic-3390","25","Кладка · интерполированная перевязка","250","125","65","false","false"
"classic-3391","25","Кладка · интерполированная перевязка","250","125","65","false","false"
"classic-3392","25","Кладка · интерполированная перевязка","250","125","65","false","false"
"classic-3393","25","Кладка · интерполированная перевязка","200","125","65","false","false"
"classic-3394","25","Кладка · интерполированная перевязка","250","125","65","false","false"
"classic-3395","25","Кладка · интерполированная перевязка","250","125","65","false","false"
"classic-3396","25","Кладка · интерполированная перевязка","250","125","65","false","false"
"classic-3397","25","Кладка · интерполированная перевязка","250","125","65","false","false"
"classic-3398","25","Кладка · интерполированная перевязка","200","125","65","false","false"
"classic-3399","25","Кладка · интерполированная перевязка","250","125","65","false","false"
"classic-3400","25","Кладка · интерполированная перевязка","250","125","65","false","false"
"classic-3401","25","Кладка · интерполированная перевязка","250","125","65","false","false"
"classic-3402","25","Кладка · интерполированная перевязка","250","125","65","false","false"
"classic-3403","25","Кладка · интерполированная перевязка","200","125","65","false","false"
"classic-3404","25","Кладка · интерполированная перевязка","250","125","65","false","false"
"classic-3405","25","Кладка · интерполированная перевязка","250","125","65","false","false"
"classic-3406","25","Кладка · интерполированная перевязка","250","125","65","false","false"
"classic-3407","25","Кладка · интерполированная перевязка","250","125","65","false","false"
"classic-3408","25","Кладка · интерполированная перевязка","200","125","65","false","false"
"classic-3409","25","Кладка · интерполированная перевязка","250","125","65","false","false"
"classic-3410","25","Кладка · интерполированная перевязка","250","125","65","false","false"
"classic-3411","25","Кладка · интерполированная перевязка","250","125","65","false","false"
"classic-3412","25","Кладка · интерполированная перевязка","250","125","65","false","false"
"classic-3413","25","Кладка · интерполированная перевязка","200","125","65","false","false"
"classic-4377","25","Кладка · интерполированная перевязка","120","5","65","true","true"
"classic-3419","26","Кладка · интерполированная перевязка","125","250","65","false","false"
"classic-3420","26","Кладка · интерполированная перевязка","125","250","65","false","false"
"classic-3421","26","Кладка · интерполированная перевязка","125","250","65","false","false"
"classic-3422","26","Кладка · интерполированная перевязка","125","250","65","false","false"
"classic-3423","26","Кладка · интерполированная перевязка","125","250","65","false","false"
"classic-3424","26","Кладка · интерполированная перевязка","125","250","65","false","false"
"classic-3425","26","Кладка · интерполированная перевязка","125","250","65","false","false"
"classic-3426","26","Кладка · интерполированная перевязка","125","250","65","false","false"
"classic-3427","26","Кладка · интерполированная перевязка","125","250","65","false","false"
"classic-3429","26","Кладка · интерполированная перевязка","125","250","65","false","false"
"classic-3430","26","Кладка · интерполированная перевязка","125","250","65","false","false"
"classic-3431","26","Кладка · интерполированная перевязка","125","250","65","false","false"
"classic-3432","26","Кладка · интерполированная перевязка","125","250","65","false","false"
"classic-3433","26","Кладка · интерполированная перевязка","125","250","65","false","false"
"classic-3434","26","Кладка · интерполированная перевязка","125","250","65","false","false"
"classic-3435","26","Кладка · интерполированная перевязка","125","250","65","false","false"
"classic-3436","26","Кладка · интерполированная перевязка","125","250","65","false","false"
"classic-3437","26","Кладка · интерполированная перевязка","125","250","65","false","false"
"classic-3439","26","Кладка · интерполированная перевязка","125","250","65","false","false"
"classic-3440","26","Кладка · интерполированная перевязка","125","250","65","false","false"
"classic-3441","26","Кладка · интерполированная перевязка","125","250","65","false","false"
"classic-3442","26","Кладка · интерполированная перевязка","125","250","65","false","false"
"classic-3443","26","Кладка · интерполированная перевязка","125","250","65","false","false"
"classic-3444","26","Кладка · интерполированная перевязка","125","250","65","false","false"
"classic-3445","26","Кладка · интерполированная перевязка","125","250","65","false","false"
"classic-3446","26","Кладка · интерполированная перевязка","125","250","65","false","false"
"classic-3447","26","Кладка · интерполированная перевязка","125","250","65","false","false"
"classic-3449","26","Кладка · интерполированная перевязка","125","250","65","false","false"
"classic-3450","26","Кладка · интерполированная перевязка","125","250","65","false","false"
"classic-3451","26","Кладка · интерполированная перевязка","125","250","65","false","false"
"classic-3452","26","Кладка · интерполированная перевязка","125","250","65","false","false"
"classic-3453","26","Кладка · интерполированная перевязка","125","250","65","false","false"
"classic-3454","26","Кладка · интерполированная перевязка","125","250","65","false","false"
"classic-3455","26","Кладка · интерполированная перевязка","125","250","65","false","false"
"classic-3456","26","Кладка · интерполированная перевязка","125","250","65","false","false"
"classic-3457","26","Кладка · интерполированная перевязка","125","250","65","false","false"
"classic-3459","26","Кладка · интерполированная перевязка","125","250","65","false","false"
"classic-3460","26","Кладка · интерполированная перевязка","125","250","65","false","false"
"classic-3461","26","Кладка · интерполированная перевязка","125","250","65","false","false"
"classic-3462","26","Кладка · интерполированная перевязка","125","250","65","false","false"
"classic-3463","26","Кладка · интерполированная перевязка","125","250","65","false","false"
"classic-3464","26","Кладка · интерполированная перевязка","125","250","65","false","false"
"classic-3465","26","Кладка · интерполированная перевязка","125","250","65","false","false"
"classic-3466","26","Кладка · интерполированная перевязка","125","250","65","false","false"
"classic-3467","26","Кладка · интерполированная перевязка","125","250","65","false","false"
"classic-3469","26","Кладка · интерполированная перевязка","125","230","65","false","false"
"classic-3470","26","Кладка · интерполированная перевязка","125","230","65","false","false"
"classic-3471","26","Кладка · интерполированная перевязка","125","230","65","false","false"
"classic-3472","26","Кладка · интерполированная перевязка","125","230","65","false","false"
"classic-3473","26","Кладка · интерполированная перевязка","125","230","65","false","false"
"classic-3474","26","Кладка · интерполированная перевязка","125","230","65","false","false"
"classic-3475","26","Кладка · интерполированная перевязка","125","230","65","false","false"
"classic-3476","26","Кладка · интерполированная перевязка","125","230","65","false","false"
"classic-3477","26","Кладка · интерполированная перевязка","125","230","65","false","false"
"classic-3479","27","Кладка · интерполированная перевязка","250","125","65","false","false"
"classic-3480","27","Кладка · интерполированная перевязка","250","125","65","false","false"
"classic-3481","27","Кладка · интерполированная перевязка","250","125","65","false","false"
"classic-3482","27","Кладка · интерполированная перевязка","250","125","65","false","false"
"classic-3483","27","Кладка · интерполированная перевязка","200","125","65","false","false"
"classic-3484","27","Кладка · интерполированная перевязка","250","125","65","false","false"
"classic-3485","27","Кладка · интерполированная перевязка","250","125","65","false","false"
"classic-3486","27","Кладка · интерполированная перевязка","250","125","65","false","false"
"classic-3487","27","Кладка · интерполированная перевязка","250","125","65","false","false"
"classic-3488","27","Кладка · интерполированная перевязка","200","125","65","false","false"
"classic-3489","27","Кладка · интерполированная перевязка","250","125","65","false","false"
"classic-3490","27","Кладка · интерполированная перевязка","250","125","65","false","false"
"classic-3491","27","Кладка · интерполированная перевязка","250","125","65","false","false"
"classic-3492","27","Кладка · интерполированная перевязка","250","125","65","false","false"
"classic-3493","27","Кладка · интерполированная перевязка","200","125","65","false","false"
"classic-3494","27","Кладка · интерполированная перевязка","250","125","65","false","false"
"classic-3495","27","Кладка · интерполированная перевязка","250","125","65","false","false"
"classic-3496","27","Кладка · интерполированная перевязка","250","125","65","false","false"
"classic-3497","27","Кладка · интерполированная перевязка","250","125","65","false","false"
"classic-3498","27","Кладка · интерполированная перевязка","200","125","65","false","false"
"classic-3499","27","Кладка · интерполированная перевязка","250","125","65","false","false"
"classic-3500","27","Кладка · интерполированная перевязка","250","125","65","false","false"
"classic-3501","27","Кладка · интерполированная перевязка","250","125","65","false","false"
"classic-3502","27","Кладка · интерполированная перевязка","250","125","65","false","false"
"classic-3503","27","Кладка · интерполированная перевязка","200","125","65","false","false"
"classic-3504","27","Кладка · интерполированная перевязка","250","125","65","false","false"
"classic-3505","27","Кладка · интерполированная перевязка","250","125","65","false","false"
"classic-3506","27","Кладка · интерполированная перевязка","250","125","65","false","false"
"classic-3507","27","Кладка · интерполированная перевязка","250","125","65","false","false"
"classic-3508","27","Кладка · интерполированная перевязка","200","125","65","false","false"
"classic-3509","27","Кладка · интерполированная перевязка","250","125","65","false","false"
"classic-3510","27","Кладка · интерполированная перевязка","250","125","65","false","false"
"classic-3511","27","Кладка · интерполированная перевязка","250","125","65","false","false"
"classic-3512","27","Кладка · интерполированная перевязка","250","125","65","false","false"
"classic-3513","27","Кладка · интерполированная перевязка","200","125","65","false","false"
"classic-3514","27","Кладка · интерполированная перевязка","250","125","65","false","false"
"classic-3515","27","Кладка · интерполированная перевязка","250","125","65","false","false"
"classic-3516","27","Кладка · интерполированная перевязка","250","125","65","false","false"
"classic-3517","27","Кладка · интерполированная перевязка","250","125","65","false","false"
"classic-3518","27","Кладка · интерполированная перевязка","200","125","65","false","false"
"classic-3519","27","Кладка · интерполированная перевязка","250","125","65","false","false"
"classic-3520","27","Кладка · интерполированная перевязка","250","125","65","false","false"
"classic-3521","27","Кладка · интерполированная перевязка","250","125","65","false","false"
"classic-3522","27","Кладка · интерполированная перевязка","250","125","65","false","false"
"classic-3523","27","Кладка · интерполированная перевязка","200","125","65","false","false"
"classic-3524","27","Кладка · интерполированная перевязка","250","125","65","false","false"
"classic-3525","27","Кладка · интерполированная перевязка","250","125","65","false","false"
"classic-3526","27","Кладка · интерполированная перевязка","250","125","65","false","false"
"classic-3527","27","Кладка · интерполированная перевязка","250","125","65","false","false"
"classic-3528","27","Кладка · интерполированная перевязка","200","125","65","false","false"
"classic-3529","27","Кладка · интерполированная перевязка","250","125","65","false","false"
"classic-3530","27","Кладка · интерполированная перевязка","250","125","65","false","false"
"classic-3531","27","Кладка · интерполированная перевязка","250","125","65","false","false"
"classic-3532","27","Кладка · интерполированная перевязка","250","125","65","false","false"
"classic-3533","27","Кладка · интерполированная перевязка","200","125","65","false","false"
"classic-4398","27","Кладка · интерполированная перевязка","120","5","65","true","true"
"classic-3539","28","Кладка · интерполированная перевязка","125","205","65","false","false"
"classic-3540","28","Кладка · интерполированная перевязка","125","205","65","false","false"
"classic-3541","28","Кладка · интерполированная перевязка","125","205","65","false","false"
"classic-3542","28","Кладка · интерполированная перевязка","125","205","65","false","false"
"classic-3543","28","Кладка · интерполированная перевязка","125","205","65","false","false"
"classic-3544","28","Кладка · интерполированная перевязка","125","205","65","false","false"
"classic-3545","28","Кладка · интерполированная перевязка","125","205","65","false","false"
"classic-3546","28","Кладка · интерполированная перевязка","125","205","65","false","false"
"classic-3547","28","Кладка · интерполированная перевязка","125","205","65","false","false"
"classic-3556","28","Кладка · интерполированная перевязка","5","50","65","true","true"
"classic-3559","28","Кладка · интерполированная перевязка","125","215","65","false","false"
"classic-3567","28","Кладка · интерполированная перевязка","125","130","65","false","false"
"classic-3568","28","Кладка · интерполированная перевязка","125","130","65","false","false"
"classic-3569","28","Кладка · интерполированная перевязка","125","130","65","false","false"
"classic-3570","28","Кладка · интерполированная перевязка","125","130","65","false","false"
"classic-3590","28","Кладка · интерполированная перевязка","125","250","65","false","false"
"classic-3591","28","Кладка · интерполированная перевязка","125","250","65","false","false"
"classic-3592","28","Кладка · интерполированная перевязка","125","250","65","false","false"
"classic-3593","28","Кладка · интерполированная перевязка","125","250","65","false","false"
"classic-3595","28","Кладка · интерполированная перевязка","125","250","65","false","false"
"classic-3596","28","Кладка · интерполированная перевязка","125","250","65","false","false"
"classic-3597","28","Кладка · интерполированная перевязка","125","250","65","false","false"
"classic-3598","28","Кладка · интерполированная перевязка","125","250","65","false","false"
"classic-3600","28","Кладка · интерполированная перевязка","125","250","65","false","false"
"classic-3601","28","Кладка · интерполированная перевязка","125","250","65","false","false"
"classic-3602","28","Кладка · интерполированная перевязка","125","250","65","false","false"
"classic-3603","28","Кладка · интерполированная перевязка","125","250","65","false","false"
"classic-3605","28","Кладка · интерполированная перевязка","125","250","65","false","false"
"classic-3606","28","Кладка · интерполированная перевязка","125","250","65","false","false"
"classic-3607","28","Кладка · интерполированная перевязка","125","250","65","false","false"
"classic-3608","28","Кладка · интерполированная перевязка","125","250","65","false","false"
"classic-4408","28","Кладка · интерполированная перевязка","5","25","65","true","true"
"classic-4409","28","Кладка · интерполированная перевязка","5","25","65","true","true"
"classic-3620","29","Кладка · интерполированная перевязка","250","125","65","false","false"
"classic-3621","29","Кладка · интерполированная перевязка","250","125","65","false","false"
"classic-3622","29","Кладка · интерполированная перевязка","250","125","65","false","false"
"classic-3623","29","Кладка · интерполированная перевязка","250","125","65","false","false"
"classic-3624","29","Кладка · интерполированная перевязка","200","125","65","false","false"
"classic-3637","29","Кладка · интерполированная перевязка","175","125","65","false","false"
"classic-3643","29","Кладка · интерполированная перевязка","250","125","65","false","false"
"classic-3644","29","Кладка · интерполированная перевязка","250","125","65","false","false"
"classic-3646","29","Кладка · интерполированная перевязка","250","5","65","true","true"
"classic-3647","29","Кладка · интерполированная перевязка","250","5","65","true","true"
"classic-3648","29","Кладка · интерполированная перевязка","60","5","65","true","true"
"classic-3650","29","Кладка · интерполированная перевязка","120","5","65","true","true"
"classic-3669","29","Кладка · интерполированная перевязка","250","125","65","false","false"
"classic-3670","29","Кладка · интерполированная перевязка","250","125","65","false","false"
"classic-3672","29","Кладка · интерполированная перевязка","250","125","65","false","false"
"classic-3673","29","Кладка · интерполированная перевязка","250","125","65","false","false"
"classic-3675","29","Кладка · интерполированная перевязка","250","125","65","false","false"
"classic-3676","29","Кладка · интерполированная перевязка","250","125","65","false","false"
"classic-3678","29","Кладка · интерполированная перевязка","250","125","65","false","false"
"classic-3679","29","Кладка · интерполированная перевязка","250","125","65","false","false"
"classic-3681","29","Кладка · интерполированная перевязка","250","125","65","false","false"
"classic-3682","29","Кладка · интерполированная перевязка","250","125","65","false","false"
"classic-3684","29","Кладка · интерполированная перевязка","250","125","65","false","false"
"classic-3685","29","Кладка · интерполированная перевязка","250","125","65","false","false"
"classic-3687","29","Кладка · интерполированная перевязка","250","125","65","false","false"
"classic-3688","29","Кладка · интерполированная перевязка","250","125","65","false","false"
"classic-3690","29","Кладка · интерполированная перевязка","250","125","65","false","false"
"classic-3691","29","Кладка · интерполированная перевязка","250","125","65","false","false"
"classic-4423","29","Кладка · интерполированная перевязка","120","5","65","true","true"
"classic-3705","30","Кладка · интерполированная перевязка","125","205","65","false","false"
"classic-3706","30","Кладка · интерполированная перевязка","125","205","65","false","false"
"classic-3707","30","Кладка · интерполированная перевязка","125","205","65","false","false"
"classic-3708","30","Кладка · интерполированная перевязка","125","205","65","false","false"
"classic-3709","30","Кладка · интерполированная перевязка","125","205","65","false","false"
"classic-3710","30","Кладка · интерполированная перевязка","125","205","65","false","false"
"classic-3711","30","Кладка · интерполированная перевязка","125","205","65","false","false"
"classic-3712","30","Кладка · интерполированная перевязка","125","205","65","false","false"
"classic-3713","30","Кладка · интерполированная перевязка","125","205","65","false","false"
"classic-3722","30","Кладка · интерполированная перевязка","5","50","65","true","true"
"classic-3725","30","Кладка · интерполированная перевязка","125","215","65","false","false"
"classic-3733","30","Кладка · интерполированная перевязка","125","130","65","false","false"
"classic-3734","30","Кладка · интерполированная перевязка","125","130","65","false","false"
"classic-3735","30","Кладка · интерполированная перевязка","125","130","65","false","false"
"classic-3736","30","Кладка · интерполированная перевязка","125","130","65","false","false"
"classic-3756","30","Кладка · интерполированная перевязка","125","250","65","false","false"
"classic-3757","30","Кладка · интерполированная перевязка","125","250","65","false","false"
"classic-3758","30","Кладка · интерполированная перевязка","125","250","65","false","false"
"classic-3759","30","Кладка · интерполированная перевязка","125","250","65","false","false"
"classic-3761","30","Кладка · интерполированная перевязка","125","250","65","false","false"
"classic-3762","30","Кладка · интерполированная перевязка","125","250","65","false","false"
"classic-3763","30","Кладка · интерполированная перевязка","125","250","65","false","false"
"classic-3764","30","Кладка · интерполированная перевязка","125","250","65","false","false"
"classic-3766","30","Кладка · интерполированная перевязка","125","250","65","false","false"
"classic-3767","30","Кладка · интерполированная перевязка","125","250","65","false","false"
"classic-3768","30","Кладка · интерполированная перевязка","125","250","65","false","false"
"classic-3769","30","Кладка · интерполированная перевязка","125","250","65","false","false"
"classic-3771","30","Кладка · интерполированная перевязка","125","250","65","false","false"
"classic-3772","30","Кладка · интерполированная перевязка","125","250","65","false","false"
"classic-3773","30","Кладка · интерполированная перевязка","125","250","65","false","false"
"classic-3774","30","Кладка · интерполированная перевязка","125","250","65","false","false"
"classic-3786","31","Левый канал · перекрытие с опиранием","250","125","65","false","false"
"classic-3787","31","Правый канал · перекрытие с опиранием","250","125","65","false","false"
"classic-3788","31","Левый канал · перекрытие с опиранием","250","125","65","false","false"
"classic-3789","31","Правый канал · перекрытие с опиранием","250","125","65","false","false"
"classic-3790","31","Левый канал · перекрытие с опиранием","250","125","65","false","false"
"classic-3791","31","Правый канал · перекрытие с опиранием","250","125","65","false","false"
"classic-3792","31","Левый канал · перекрытие с опиранием","250","125","65","false","false"
"classic-3793","31","Правый канал · перекрытие с опиранием","250","125","65","false","false"
"classic-3794","31","Левый канал · перекрытие с опиранием","250","125","65","false","false"
"classic-3795","31","Правый канал · перекрытие с опиранием","250","125","65","false","false"
"classic-3796","31","Левый канал · перекрытие с опиранием","250","125","65","false","false"
"classic-3797","31","Правый канал · перекрытие с опиранием","250","125","65","false","false"
"classic-3798","31","Левый канал · перекрытие с опиранием","250","125","65","false","false"
"classic-3799","31","Правый канал · перекрытие с опиранием","250","125","65","false","false"
"classic-3800","31","Левый канал · перекрытие с опиранием","250","125","65","false","false"
"classic-3801","31","Правый канал · перекрытие с опиранием","250","125","65","false","false"
"classic-3804","31","Задний канал · перекрытие с опиранием","125","250","65","false","false"
"classic-3805","31","Задний канал · перекрытие с опиранием","125","250","65","false","false"
"classic-3806","31","Задний канал · перекрытие с опиранием","125","250","65","false","false"
"classic-3807","31","Задний канал · перекрытие с опиранием","125","250","65","false","false"
"classic-3808","31","Задний канал · перекрытие с опиранием","125","250","65","false","false"
"classic-3809","31","Задний канал · перекрытие с опиранием","125","250","65","false","false"
"classic-3810","31","Задний канал · перекрытие с опиранием","125","250","65","false","false"
"classic-3811","31","Задний канал · перекрытие с опиранием","125","250","65","false","false"
"classic-3812","31","Задний канал · перекрытие с опиранием","10","250","65","true","true"
"classic-3817","31","Кладка · интерполированная перевязка","250","125","65","false","false"
"classic-3818","31","Кладка · интерполированная перевязка","250","125","65","false","false"
"classic-3819","31","Кладка · интерполированная перевязка","250","125","65","false","false"
"classic-3820","31","Кладка · интерполированная перевязка","250","125","65","false","false"
"classic-3821","31","Кладка · интерполированная перевязка","200","125","65","false","false"
"classic-3827","31","Кладка · интерполированная перевязка","250","20","65","true","true"
"classic-3828","31","Кладка · интерполированная перевязка","250","20","65","true","true"
"classic-3829","31","Кладка · интерполированная перевязка","250","20","65","true","true"
"classic-3830","31","Кладка · интерполированная перевязка","250","20","65","true","true"
"classic-3831","31","Кладка · интерполированная перевязка","200","20","65","true","true"
"classic-3836","31","Кладка · интерполированная перевязка","250","15","65","true","true"
"classic-3837","31","Кладка · интерполированная перевязка","250","15","65","true","true"
"classic-3838","31","Кладка · интерполированная перевязка","250","15","65","true","true"
"classic-3839","31","Кладка · интерполированная перевязка","250","15","65","true","true"
"classic-3840","31","Кладка · интерполированная перевязка","200","15","65","true","true"
"classic-3854","31","Кладка · интерполированная перевязка","250","125","65","false","false"
"classic-3855","31","Кладка · интерполированная перевязка","250","125","65","false","false"
"classic-3856","31","Кладка · интерполированная перевязка","10","125","65","true","true"
"classic-3857","31","Кладка · интерполированная перевязка","250","125","65","false","false"
"classic-3858","31","Кладка · интерполированная перевязка","250","125","65","false","false"
"classic-3859","31","Кладка · интерполированная перевязка","10","125","65","true","true"
"classic-3860","31","Кладка · интерполированная перевязка","250","125","65","false","false"
"classic-3861","31","Кладка · интерполированная перевязка","250","125","65","false","false"
"classic-3862","31","Кладка · интерполированная перевязка","10","125","65","true","true"
"classic-3863","31","Кладка · интерполированная перевязка","250","125","65","false","false"
"classic-3864","31","Кладка · интерполированная перевязка","250","125","65","false","false"
"classic-3865","31","Кладка · интерполированная перевязка","10","125","65","true","true"
"classic-3866","31","Кладка · интерполированная перевязка","250","125","65","false","false"
"classic-3867","31","Кладка · интерполированная перевязка","250","125","65","false","false"
"classic-3868","31","Кладка · интерполированная перевязка","10","125","65","true","true"
"classic-3869","31","Кладка · интерполированная перевязка","250","125","65","false","false"
"classic-3870","31","Кладка · интерполированная перевязка","250","125","65","false","false"
"classic-3871","31","Кладка · интерполированная перевязка","10","125","65","true","true"
"classic-3872","31","Кладка · интерполированная перевязка","250","125","65","false","false"
"classic-3873","31","Кладка · интерполированная перевязка","250","125","65","false","false"
"classic-3874","31","Кладка · интерполированная перевязка","10","125","65","true","true"
"classic-3875","31","Кладка · интерполированная перевязка","250","125","65","false","false"
"classic-3876","31","Кладка · интерполированная перевязка","250","125","65","false","false"
"classic-3877","31","Кладка · интерполированная перевязка","10","125","65","true","true"
"classic-3880","31","Кладка · интерполированная перевязка","10","85","65","true","true"
"classic-4446","31","Кладка · интерполированная перевязка","120","5","65","true","true"
"classic-3914","32","Кладка · интерполированная перевязка","125","250","65","false","false"
"classic-3915","32","Кладка · интерполированная перевязка","125","250","65","false","false"
"classic-3916","32","Кладка · интерполированная перевязка","125","250","65","false","false"
"classic-3917","32","Кладка · интерполированная перевязка","125","250","65","false","false"
"classic-3918","32","Кладка · интерполированная перевязка","125","250","65","false","false"
"classic-3919","32","Кладка · интерполированная перевязка","125","250","65","false","false"
"classic-3920","32","Кладка · интерполированная перевязка","125","250","65","false","false"
"classic-3921","32","Кладка · интерполированная перевязка","5","250","65","true","true"
"classic-3922","32","Кладка · интерполированная перевязка","125","250","65","false","false"
"classic-3923","32","Кладка · интерполированная перевязка","125","250","65","false","false"
"classic-3924","32","Кладка · интерполированная перевязка","125","250","65","false","false"
"classic-3925","32","Кладка · интерполированная перевязка","125","250","65","false","false"
"classic-3926","32","Кладка · интерполированная перевязка","125","250","65","false","false"
"classic-3927","32","Кладка · интерполированная перевязка","125","250","65","false","false"
"classic-3928","32","Кладка · интерполированная перевязка","125","250","65","false","false"
"classic-3929","32","Кладка · интерполированная перевязка","5","250","65","true","true"
"classic-3930","32","Кладка · интерполированная перевязка","125","250","65","false","false"
"classic-3931","32","Кладка · интерполированная перевязка","125","250","65","false","false"
"classic-3932","32","Кладка · интерполированная перевязка","125","250","65","false","false"
"classic-3933","32","Кладка · интерполированная перевязка","125","250","65","false","false"
"classic-3934","32","Кладка · интерполированная перевязка","125","250","65","false","false"
"classic-3935","32","Кладка · интерполированная перевязка","125","250","65","false","false"
"classic-3936","32","Кладка · интерполированная перевязка","125","250","65","false","false"
"classic-3937","32","Кладка · интерполированная перевязка","5","250","65","true","true"
"classic-3938","32","Кладка · интерполированная перевязка","125","250","65","false","false"
"classic-3939","32","Кладка · интерполированная перевязка","125","250","65","false","false"
"classic-3940","32","Кладка · интерполированная перевязка","125","250","65","false","false"
"classic-3941","32","Кладка · интерполированная перевязка","125","250","65","false","false"
"classic-3942","32","Кладка · интерполированная перевязка","125","250","65","false","false"
"classic-3943","32","Кладка · интерполированная перевязка","125","250","65","false","false"
"classic-3944","32","Кладка · интерполированная перевязка","125","250","65","false","false"
"classic-3945","32","Кладка · интерполированная перевязка","5","250","65","true","true"
"classic-3946","32","Кладка · интерполированная перевязка","125","250","65","false","false"
"classic-3947","32","Кладка · интерполированная перевязка","125","250","65","false","false"
"classic-3948","32","Кладка · интерполированная перевязка","125","250","65","false","false"
"classic-3949","32","Кладка · интерполированная перевязка","125","250","65","false","false"
"classic-3950","32","Кладка · интерполированная перевязка","125","250","65","false","false"
"classic-3951","32","Кладка · интерполированная перевязка","125","250","65","false","false"
"classic-3952","32","Кладка · интерполированная перевязка","125","250","65","false","false"
"classic-3953","32","Кладка · интерполированная перевязка","5","250","65","true","true"
"classic-3954","32","Кладка · интерполированная перевязка","125","250","65","false","false"
"classic-3955","32","Кладка · интерполированная перевязка","125","250","65","false","false"
"classic-3956","32","Кладка · интерполированная перевязка","125","250","65","false","false"
"classic-3957","32","Кладка · интерполированная перевязка","125","250","65","false","false"
"classic-3958","32","Кладка · интерполированная перевязка","125","250","65","false","false"
"classic-3959","32","Кладка · интерполированная перевязка","125","250","65","false","false"
"classic-3960","32","Кладка · интерполированная перевязка","125","250","65","false","false"
"classic-3961","32","Кладка · интерполированная перевязка","5","250","65","true","true"
"classic-3962","32","Кладка · интерполированная перевязка","125","250","65","false","false"
"classic-3963","32","Кладка · интерполированная перевязка","125","250","65","false","false"
"classic-3964","32","Кладка · интерполированная перевязка","125","250","65","false","false"
"classic-3965","32","Кладка · интерполированная перевязка","125","250","65","false","false"
"classic-3966","32","Кладка · интерполированная перевязка","125","250","65","false","false"
"classic-3967","32","Кладка · интерполированная перевязка","125","250","65","false","false"
"classic-3968","32","Кладка · интерполированная перевязка","125","250","65","false","false"
"classic-3969","32","Кладка · интерполированная перевязка","5","250","65","true","true"
"classic-3970","32","Кладка · интерполированная перевязка","125","250","65","false","false"
"classic-3971","32","Кладка · интерполированная перевязка","125","250","65","false","false"
"classic-3972","32","Кладка · интерполированная перевязка","125","250","65","false","false"
"classic-3973","32","Кладка · интерполированная перевязка","125","250","65","false","false"
"classic-3974","32","Кладка · интерполированная перевязка","125","250","65","false","false"
"classic-3975","32","Кладка · интерполированная перевязка","125","250","65","false","false"
"classic-3976","32","Кладка · интерполированная перевязка","125","250","65","false","false"
"classic-3977","32","Кладка · интерполированная перевязка","5","250","65","true","true"
"classic-3986","32","Кладка · интерполированная перевязка","125","250","65","false","false"
"classic-3988","32","Кладка · интерполированная перевязка","125","250","65","false","false"
"classic-3990","32","Кладка · интерполированная перевязка","125","15","65","true","true"
"classic-3991","32","Кладка · интерполированная перевязка","75","15","65","true","true"
"classic-3992","32","Кладка · интерполированная перевязка","125","250","65","false","false"
"classic-3994","32","Кладка · интерполированная перевязка","125","250","65","false","false"
"classic-3996","32","Кладка · интерполированная перевязка","125","250","65","false","false"
"classic-3998","32","Кладка · интерполированная перевязка","125","250","65","false","false"
"classic-4000","32","Кладка · интерполированная перевязка","125","250","65","false","false"
"classic-4002","32","Кладка · интерполированная перевязка","125","230","65","false","false"
"classic-4004","33","Кладка · интерполированная перевязка","250","125","65","false","false"
"classic-4005","33","Кладка · интерполированная перевязка","250","125","65","false","false"
"classic-4006","33","Кладка · интерполированная перевязка","250","125","65","false","false"
"classic-4007","33","Кладка · интерполированная перевязка","130","125","65","false","false"
"classic-4008","33","Кладка · интерполированная перевязка","250","125","65","false","false"
"classic-4009","33","Кладка · интерполированная перевязка","250","125","65","false","false"
"classic-4010","33","Кладка · интерполированная перевязка","250","125","65","false","false"
"classic-4011","33","Кладка · интерполированная перевязка","130","125","65","false","false"
"classic-4012","33","Кладка · интерполированная перевязка","250","125","65","false","false"
"classic-4013","33","Кладка · интерполированная перевязка","250","125","65","false","false"
"classic-4014","33","Кладка · интерполированная перевязка","250","125","65","false","false"
"classic-4015","33","Кладка · интерполированная перевязка","130","125","65","false","false"
"classic-4016","33","Кладка · интерполированная перевязка","250","125","65","false","false"
"classic-4017","33","Кладка · интерполированная перевязка","250","125","65","false","false"
"classic-4018","33","Кладка · интерполированная перевязка","250","125","65","false","false"
"classic-4019","33","Кладка · интерполированная перевязка","130","125","65","false","false"
"classic-4020","33","Кладка · интерполированная перевязка","250","125","65","false","false"
"classic-4021","33","Кладка · интерполированная перевязка","250","125","65","false","false"
"classic-4022","33","Кладка · интерполированная перевязка","250","125","65","false","false"
"classic-4023","33","Кладка · интерполированная перевязка","130","125","65","false","false"
"classic-4024","33","Кладка · интерполированная перевязка","250","125","65","false","false"
"classic-4025","33","Кладка · интерполированная перевязка","250","125","65","false","false"
"classic-4026","33","Кладка · интерполированная перевязка","250","125","65","false","false"
"classic-4027","33","Кладка · интерполированная перевязка","130","125","65","false","false"
"classic-4028","33","Кладка · интерполированная перевязка","250","125","65","false","false"
"classic-4029","33","Кладка · интерполированная перевязка","250","125","65","false","false"
"classic-4030","33","Кладка · интерполированная перевязка","250","125","65","false","false"
"classic-4031","33","Кладка · интерполированная перевязка","130","125","65","false","false"
"classic-4032","33","Кладка · интерполированная перевязка","250","125","65","false","false"
"classic-4033","33","Кладка · интерполированная перевязка","250","125","65","false","false"
"classic-4034","33","Кладка · интерполированная перевязка","250","125","65","false","false"
"classic-4035","33","Кладка · интерполированная перевязка","130","125","65","false","false"
"classic-4036","33","Кладка · интерполированная перевязка","250","125","65","false","false"
"classic-4037","33","Кладка · интерполированная перевязка","250","125","65","false","false"
"classic-4038","33","Кладка · интерполированная перевязка","250","125","65","false","false"
"classic-4039","33","Кладка · интерполированная перевязка","130","125","65","false","false"
"classic-4040","33","Кладка · интерполированная перевязка","250","125","65","false","false"
"classic-4041","33","Кладка · интерполированная перевязка","250","125","65","false","false"
"classic-4042","33","Кладка · интерполированная перевязка","250","125","65","false","false"
"classic-4043","33","Кладка · интерполированная перевязка","130","125","65","false","false"
"classic-4044","33","Кладка · интерполированная перевязка","250","125","65","false","false"
"classic-4045","33","Кладка · интерполированная перевязка","250","125","65","false","false"
"classic-4046","33","Кладка · интерполированная перевязка","250","125","65","false","false"
"classic-4047","33","Кладка · интерполированная перевязка","130","125","65","false","false"
"classic-4048","33","Кладка · интерполированная перевязка","250","125","65","false","false"
"classic-4049","33","Кладка · интерполированная перевязка","250","125","65","false","false"
"classic-4050","33","Кладка · интерполированная перевязка","250","125","65","false","false"
"classic-4051","33","Кладка · интерполированная перевязка","130","125","65","false","false"
"classic-4052","33","Кладка · интерполированная перевязка","250","125","65","false","false"
"classic-4053","33","Кладка · интерполированная перевязка","250","125","65","false","false"
"classic-4054","33","Кладка · интерполированная перевязка","250","125","65","false","false"
"classic-4055","33","Кладка · интерполированная перевязка","130","125","65","false","false"
"classic-4056","33","Кладка · интерполированная перевязка","250","125","65","false","false"
"classic-4057","33","Кладка · интерполированная перевязка","250","125","65","false","false"
"classic-4058","33","Кладка · интерполированная перевязка","250","125","65","false","false"
"classic-4059","33","Кладка · интерполированная перевязка","130","125","65","false","false"
"classic-4060","33","Кладка · интерполированная перевязка","250","125","65","false","false"
"classic-4061","33","Кладка · интерполированная перевязка","250","125","65","false","false"
"classic-4062","33","Кладка · интерполированная перевязка","250","125","65","false","false"
"classic-4063","33","Кладка · интерполированная перевязка","130","125","65","false","false"
"classic-4064","33","Кладка · интерполированная перевязка","250","125","65","false","false"
"classic-4065","33","Кладка · интерполированная перевязка","250","125","65","false","false"
"classic-4066","33","Кладка · интерполированная перевязка","250","125","65","false","false"
"classic-4067","33","Кладка · интерполированная перевязка","130","125","65","false","false"
"classic-4084","33","Кладка · интерполированная перевязка","200","125","65","false","false"
"classic-4085","33","Кладка · интерполированная перевязка","200","125","65","false","false"
"classic-4086","33","Кладка · интерполированная перевязка","200","125","65","false","false"
"classic-4087","33","Кладка · интерполированная перевязка","200","125","65","false","false"
"classic-4088","33","Кладка · интерполированная перевязка","200","15","65","true","true"
"classic-4089","33","Кладка · интерполированная перевязка","200","125","65","false","false"
"classic-4090","33","Кладка · интерполированная перевязка","200","125","65","false","false"
"classic-4091","33","Кладка · интерполированная перевязка","200","125","65","false","false"
"classic-4092","33","Кладка · интерполированная перевязка","200","125","65","false","false"
"classic-4093","33","Кладка · интерполированная перевязка","200","125","65","false","false"
"classic-4094","33","Кладка · интерполированная перевязка","200","125","65","false","false"
"classic-4095","33","Кладка · интерполированная перевязка","200","125","65","false","false"
"classic-4096","33","Кладка · интерполированная перевязка","200","125","65","false","false"
"classic-4097","33","Кладка · интерполированная перевязка","200","125","65","false","false"
"classic-4098","33","Кладка · интерполированная перевязка","200","125","65","false","false"
"classic-4099","33","Кладка · интерполированная перевязка","200","125","65","false","false"
"classic-4468","33","Кладка · интерполированная перевязка","120","5","65","true","true"
"classic-4472","33","Кладка · интерполированная перевязка","120","5","65","true","true"
"classic-4492","35","Кладка · интерполированная перевязка","120","5","65","true","true"
"classic-4496","35","Кладка · интерполированная перевязка","120","5","65","true","true"
